T,TM,Tm,H,VV,V,VM,PM 2.5
18.9,27.2,10.7,57,2.4,5.2,13,184.35
18.1,27.2,11,61,2.1,8,14.8,196.88
16.3,24.6,10,54,2.3,9.4,14.8,162.05
14.9,24.4,8,54,2.4,9.3,18.3,189.44
15.7,22.7,7,46,1.8,7.2,14.8,210
15.7,22.8,9,51,2.3,10.7,22.2,180.93
15,24,7,51,2.4,8.9,18.3,204.97
14.9,23.6,6.4,52,1.9,4.4,14.8,229.39
15.6,24.8,7.3,51,2.3,6.3,14.8,236.4
17.5,25.8,8,42,2.1,3.1,13,275.58
18.7,25.8,10.9,43,2.6,13,22.2,143.04
16,22.4,12,74,3.1,13,24.1,78.67
16.9,23.9,10.2,70,2.7,9.3,16.5,105.71
15.3,23.9,8,63,2.7,12,22.2,105.54
17,24.6,10,66,2.3,13.1,22.2,149.88
17.7,25.1,9,68,2.3,10.2,18.3,163.96
18.4,26.3,12,65,2.4,10.9,18.3,146.12
18.3,27.1,12,53,2.6,6.1,16.5,154.75
18.7,28,10.8,50,2.7,6.5,14.8,155.29
20.4,29.3,11.4,52,2.7,6.3,16.5,212.21
23.4,32.2,14.4,45,3.1,4.4,13,204.83
23.4,32,14.9,52,2.4,4.8,14.8,219
24.3,32,16.4,50,2.7,6.7,14.8,167.33
25,32.4,18.2,55,2.6,7.4,14.8,167.42
22.4,32.4,15,58,2.7,13.1,20.6,129.38
21,28.4,13.6,59,2.9,13.7,24.1,97.17
22.8,30.2,15,62,2.7,10.2,22.2,112.88
23.1,3.2,17,61,2.7,6.5,14.8,164.96
23.1,30.8,16.2,54,2.6,7.4,14.8,198.5
24.2,32,16.6,52,3.1,5.9,18.3,155.67
24.8,33.1,17,51,2.7,8.1,14.8,145.96
22.7,30.7,16,52,3.2,8.9,24.1,91.25
22.1,29.9,15,52,3.1,11.5,22.2,116
21.2,29.7,14,55,2.7,13,29.4,67.85
21.9,30.5,13.4,51,3.2,9.8,22.2,148.62
24.2,33,14.2,46,2.9,5.2,13,151.04
24.9,33.1,16.5,45,3.5,9.4,16.5,159.21
24.3,33.5,15,46,3.4,13,22.2,102.75
24.3,33.2,15.2,47,2.9,8,16.5,129.04
25.6,34.6,16.5,44,3.1,9.4,22.2,152.21
27.3,37.5,15,32,3.7,8,18.3,124.92
27.3,34.4,19.8,29,3.7,9.4,16.5,100.96
25.8,33.1,18.8,42,3.2,10.4,20.6,84.38
24.2,32.2,17,44,3.1,10.9,18.3,149.35
24.1,32.3,15.6,38,3.9,12.2,24.1,184.92
24.7,33.7,15.4,36,3.9,9.3,35.2,51.93
25.9,35.5,16.6,38,3.1,7.6,18.3,88.54
27.8,36.2,17.1,34,2.9,7.2,16.5,133.29
25.9,33.6,20.8,48,3.5,12,22.2,140.67
24.5,31.4,17,53,3.2,12,22.2,123.04
23.8,31.1,17,52,3.1,10.4,18.3,96
25.3,33.8,17,47,3.5,11.3,20.6,119.75
25.9,34.1,17.8,45,3.1,12.8,25.9,107.96
26.4,35.2,17,39,2.9,8.9,22.2,137.33
28.7,38.8,17.8,29,3.2,7.8,22.2,117.21
29.8,40.6,19.1,28,3.2,11.7,22.2,104.62
28.9,40.6,18.8,32,3.5,12.4,25.9,71.79
29.3,37.4,22,30,3.7,11.3,24.1,116.46
26.9,35.4,20.2,41,3.5,13.9,18.3,98.83
28.3,36.2,20.4,42,3.9,10.6,18.3,71.97
30.2,37.2,22.4,38,3.5,11.5,18.3,82.42
31.9,40,23.1,38,3.5,9.4,18.3,93
32.6,40.1,25,35,3.4,6.9,16.5,100.83
32.6,39.1,24,33,3.2,8.1,16.5,168.88
28.5,38.6,21.4,40,3.5,12.2,46.5,75.83
28.6,36.2,19.7,47,4,12,22.2,45.83
29.8,37.8,22.3,44,3.5,15.9,22.2,47.62
25.8,31.8,20.4,60,3.5,10.2,27.8,51.08
29.1,36.6,22.6,45,3.2,10.2,18.3,83.33
26.2,33,20,56,3.5,18,33.5,53.12
27.6,34.6,18.4,43,3.7,9.4,27.8,52.54
29.3,37,19,24,3.7,7.8,16.5,87.58
30.5,38.4,20,25,2.9,9.6,24.1,127.75
32.1,40,22,28,3.2,4.1,13,144.83
32.4,41.6,25,30,2.4,9.6,16.5,108.62
33.2,41,22.4,24,3.7,12,22.2,88.54
32.4,40,22,24,4,13.1,29.4,89.42
33.3,41,24.6,24,3.7,10.2,22.2,92.42
33.4,40.2,25,19,3.1,16.5,24.1,80.58
29.1,36.1,22.8,27,2.9,14.8,18.3,94.17
29.2,36.7,20,21,3.7,14.8,22.2,74.92
30.3,38,19.3,19,3.5,9.3,25.9,87.38
32,40.2,21.4,19,3.1,8.3,22.2,106.67
34.7,43.1,22.1,14,3.4,8.7,20.6,130.29
33.5,41,27.1,39,3.4,15.6,22.2,142.75
34.6,41.2,28.5,38,2.7,17.4,22.2,150.75
33.1,42.2,26.8,42,1.9,8.7,14.8,81.54
33.6,41.5,25,40,3.2,13.9,22.2,72.77
32,38.7,25.6,48,4.2,17.2,25.9,49.54
30.1,39.2,23,49,2.9,17.4,37,48.96
29.6,36.6,21.5,47,3.1,16.3,22.2,39.62
31.4,38.3,23.9,48,3.7,14.6,22.2,40.88
34.8,41,25.6,32,4,9.3,16.5,71.92
32.5,38.4,26,32,3.9,10.7,33.5,106.12
33.7,41,24.5,29,3.2,11.5,37,118.75
29.4,36.5,24,38,3.9,11.9,27.8,38.88
29.1,37.9,23,44,3.7,5,37,64.52
32.8,40.2,22.2,33,3.5,7.4,20.6,102.92
35.9,43,25.4,26,2.7,8.1,18.3,137.96
35.4,43.2,28.2,36,3.1,10.9,46.5,155.25
30.7,43.2,23,47,3.5,16.1,46.5,80.08
30.7,37.6,21.6,45,3.1,10.9,16.5,45.96
32.4,39.7,25,46,3.7,13.5,55.4,64.46
35.6,42,23.2,26,4,13.3,22.2,62.79
35.6,43.2,27.5,22,3.4,8.9,27.8,91.92
34.9,41.4,27.4,28,3.1,8.3,16.5,90.08
34.4,42.4,27.1,32,2.6,9.1,18.3,99.96
36.1,42.6,27,18,3.7,11.3,20.6,75.96
37.3,44.2,27.4,13,3.5,11.5,22.2,59.62
37.6,46,27.4,17,3.2,7.2,18.3,96.33
37.9,46,28.2,19,3.1,7.6,18.3,103.83
36.6,44.1,29,16,3.5,8.5,16.5,99.5
37.5,45.4,26.7,13,3.7,9.4,22.2,71.71
38,46.2,27,13,3.1,7.8,14.8,111
38.3,45.8,30.8,13,3.7,9.8,18.3,77.54
37.6,44.4,28,21,3.2,8,14.8,105
37.7,47,27.3,25,3.4,12,22.2,114.58
34.9,42.8,28.8,37,2.9,12.4,22.2,50.12
37.2,43.6,28.2,33,3.4,12,24.1,68.17
33.9,43.7,27,44,3.1,16.9,37,82.58
32.8,43.7,25.4,44,3.7,16.7,22.2,43.83
34.7,41.5,27.3,48,3.5,15.6,24.1,62.5
36.7,43.2,29.4,43,3.2,14.6,24.1,55.29
37.2,42.9,31,41,3.4,16.1,22.2,44.5
33.3,38.5,28.1,56,3.4,12.6,20.6,55.25
36.6,42.4,28.8,46,3.1,11.7,16.5,60.5
36.1,42.1,31,51,2.9,16.7,22.2,63.75
31.4,40.9,23.9,68,2.7,15.2,55.4,48.33
33.2,38.2,23.6,58,2.6,8.9,18.3,47.83
35.3,41,28.6,47,3.2,14.4,22.2,58.25
37.8,42.4,29.6,42,2.3,14.3,22.2,98.71
38.2,42.2,33.3,34,1.6,16.7,29.4,164
37.7,42,31.8,34,1.9,14.6,27.8,126.75
36.6,41.2,32,37,2.3,14.3,27.8,81.25
35.8,41.2,30,42,2.4,13.3,22.2,70.38
31.8,37,26.5,57,2.7,13.5,22.2,62.21
32.5,38.4,26,49,3.5,12.2,24.1,41.38
34.3,41.3,26,43,3.2,10.9,22.2,45.58
36.4,43.2,29.7,38,3.2,10.4,18.3,53.58
36.8,43.2,31.3,37,2.9,8,16.5,61
38.4,45,30,34,3.1,8,22.2,59.46
38.2,44.8,32.3,34,3.1,10.9,16.5,71.58
37.8,44,31.8,33,3.4,10,18.3,46.79
36.2,43.6,31,40,3.1,13.9,20.6,47.57
29.8,38,25.6,78,2.6,12.8,27.8,28.38
29.3,34.1,25.8,81,3.2,15.7,22.2,14.69
30,35.2,25.4,77,2.9,11.7,27.8,29.62
30.6,35.4,25.4,77,3.2,7,27.8,32.65
32.3,37,27.9,72,3.1,13.7,27.8,22.27
31.8,37.7,24,64,3.9,14.1,37,21.89
32.3,35,30,70,3.5,11.3,16.5,35.88
31.4,36.4,26,68,3.5,10.2,18.3,37.73
32.6,39,28.5,65,3.2,9.1,37,58.61
33.3,37.4,28,58,3.4,10,18.3,48.68
34.1,39,28.3,54,3.2,8.7,22.2,58.7
35.2,41.1,29,51,3.2,7.2,14.8,62.74
34.3,41.1,30,62,3.1,12.4,22.2,67.29
34.1,40.6,29.8,62,3.1,13.5,22.2,42.71
32.1,38,29,70,3.1,9.3,20.6,38.92
32.2,38.4,28,69,3.2,9.3,18.3,39.75
28.8,33.6,26,87,2.9,8,22.2,24.92
29.3,33.6,25.6,85,2.6,9.4,22.2,35.08
31.5,36.2,27.2,76,3.5,12.2,20.6,27.3
29.9,36.2,28,87,2.6,10.2,22.2,39.29
32.6,37,26.6,72,3.4,9.1,14.8,27.53
32,37.4,28,74,3.2,10.6,18.3,31.55
31.5,38,28,74,2.4,7.4,13,33.04
29.9,33.2,27,83,2.7,6.5,14.8,34.07
29.1,35.2,26.6,87,2.4,7.6,14.8,48.98
28.4,34.2,25.9,90,2.4,6.3,14.8,20.19
30.7,35.6,26,77,3.7,9.8,22.2,28.29
32.3,37.8,28,71,3.4,7.4,13,35.84
29.2,37.8,27,89,3.1,6.7,18.3,24.36
26.8,28,25.8,99,2.6,10.9,16.5,19.89
26.8,28.2,25.6,98,2.6,10.7,16.5,15.88
27.3,31.2,25.6,96,2.4,10.4,37,23.8
30,35,25,80,3.4,9.6,18.3,29.6
31.2,34.9,25,75,3.7,10.7,18.3,28.11
30.1,34.9,23.6,75,3.1,10.7,22.2,37.1
31.5,35.4,23.4,68,3.2,10.7,18.3,38.1
31.3,35.6,28,67,3.4,12.2,22.2,54.11
31,35.8,27.8,65,3.4,13,22.2,51.73
31.5,35.9,28,62,3.5,11.3,18.3,61.78
29.5,35.9,27.2,76,3.1,11.9,18.3,54.4
27.8,32.9,26.7,84,3.2,6.7,11.1,46.58
28.4,33.2,25.9,86,2.6,7.2,16.5,39.06
30.2,34.2,25.3,82,3.2,8.9,14.8,31.39
31.7,36.4,27.1,70,3.7,12.2,18.3,36.82
31.3,36.4,27.9,74,3.4,6.5,18.3,40.89
31.8,35.8,27.6,72,3.5,13.7,22.2,23.89
30.3,34.2,26.6,74,3.7,9.8,16.5,18.99
30.5,34.2,26.1,73,3.7,7.6,14.8,28.57
31.8,35.2,27.4,71,3.5,8,14.8,49.55
30.8,36.4,27.8,73,2.9,10,18.3,34.29
30.9,36.9,27,78,2.9,5,11.1,36.69
31.8,36.6,27.6,77,3.5,11.5,16.5,35.51
31.1,36.3,28,76,3.4,9.1,27.8,27.71
29.1,34.2,27.3,88,2.6,4.8,14.8,49.04
30.1,35.6,27,82,2.6,8.1,20.6,72.66
31.8,37.2,26.4,74,3.4,9.8,20.6,27.79
30.4,37.2,28,79,3.7,7.2,14.8,26.77
28.9,32.2,26.7,88,3.5,11.1,16.5,19.42
29.9,34.9,26.2,79,3.9,11.5,16.5,17.31
29.7,34.9,26.4,76,3.7,12,18.3,13.19
30.9,36.2,26.1,73,3.5,10.9,20.6,16.95
29.4,36.2,26.2,85,3.4,7.6,11.1,28.82
27.9,31.2,23.2,93,2.7,10.2,18.3,25.48
28.2,33.4,26,93,2.6,6.7,18.3,24.52
31.2,36,25.9,80,3.1,9.4,14.8,34.18
31.2,35,27.5,75,3.7,9.4,20.6,35.93
28.3,31,26,91,2.6,6.3,18.3,31.99
26.9,29,25,93,2.3,8.7,18.3,33.38
27.2,30.2,25.4,94,2.1,4.8,16.5,44.04
27.6,32,25,91,2.1,6.1,14.8,45.06
28.4,31.6,24.8,85,2.9,7.8,14.8,27.12
28.7,34.6,24.8,79,3.1,10.2,18.3,29.05
27.7,35,24.3,92,2.3,5.2,25.9,28.66
28.2,32.2,24.8,86,2.7,14.1,24.1,24.67
28.2,32.4,24.3,82,3.7,11.5,22.2,14.95
28.3,32.4,24.7,84,3.2,6.1,13,32.98
30.1,35,25.4,81,3.5,10.6,14.8,19.58
29.8,34.3,25.3,77,3.7,15,25.9,17.16
29.1,34.2,24,73,4,11.3,22.2,17.08
29.5,35.2,24.5,72,4.2,10.4,18.3,21
30.6,35.2,24.7,63,4.3,11.1,18.3,26.09
30.4,34.8,25.2,66,3.5,10.7,22.2,32.69
28.5,34.2,26,76,3.1,8.1,13,50.88
30.3,35.4,24,65,3.7,8,18.3,48.58
30.3,36,24.2,64,3.5,9.1,20.6,54.61
30.4,36.4,26.4,64,3.1,8.1,13,71.14
27.9,34.7,23,75,3.9,14.4,22.2,36.08
25.9,34.7,22.5,88,3.2,15.7,22.2,16.72
26.6,31,24,90,2.9,18.1,25.9,24.72
22.2,23,22,99,2.6,16.1,18.3,12.4
24.6,27.6,21.6,91,3.2,10.9,18.3,13.93
27.2,32.4,22,79,3.7,6.5,14.8,31.48
28.7,35,23.1,74,3.7,5,14.8,78.01
29.8,35,23.8,63,3.1,3.7,14.8,84.77
29.2,34.8,22.4,65,3.5,8.1,16.5,75.8
28.5,34.9,23.5,65,3.7,9.3,18.3,55.57
28.8,35.2,22.8,66,3.5,6.7,14.8,68.06
29.2,36.2,22.9,59,3.2,6.3,14.8,67.7
29.7,36.8,22,56,3.7,4.8,11.1,52.39
28.9,36.8,23.2,60,3.1,4.6,13,85.86
29.2,36.1,22.9,60,3.1,5.2,14.8,129.12
27.6,35,21,56,3.4,6.3,13,80.22
27.6,34.6,20,56,3.1,5,14.8,87.99
28.4,35.8,21.2,54,2.9,5.9,14.8,121.03
28.8,36,21.9,56,3.4,8.1,14.8,106.88
28.3,35.8,22,67,3.1,10.7,18.3,90.05
25.2,34.8,18.8,60,3.5,10,22.2,70.24
25.6,33.2,18.5,52,3.4,5,11.1,65.27
25.1,31.8,18.2,56,3.4,6.9,18.3,121.39
25.5,33,18,51,3.2,6.9,16.5,93.83
26.1,34.2,18.6,51,3.1,5.4,11.1,116.82
26.9,34.6,19.6,51,3.1,5.6,13,129.22
26.8,35.2,19.9,45,3.1,5.4,13,135.59
26.3,35,19,53,2.7,7.8,13,120.83
25.6,33.3,18,53,2.3,6.3,13,159.94
25.3,33.6,18,47,2.6,4.4,11.1,206
24.3,33.6,18.2,48,2.9,6.1,14.8,158.42
23.9,31.8,16.5,49,2.9,6.3,20.6,136.28
24.6,33.5,18,44,3.2,5.2,13,124.31
25.4,34.4,17.4,44,2.9,4.3,11.1,207.95
24.7,33.4,17.1,51,3.1,4.8,11.1,206.8
24.1,31,17.8,52,2.1,2.6,9.4,181.85
23.4,32.1,17,57,2.4,2,9.4,130.08
23.7,32.1,16.9,57,2.1,5,13,212.09
23.8,32,16.8,57,1.9,3.7,11.1,219.44
24.4,31.8,16.9,55,1.8,3.3,11.1,243.26
24,31.4,17.3,58,2.1,2.4,7.6,202.22
24.1,31.7,18,58,2.1,3.7,9.4,200.39
24.5,32.6,17,57,2.3,8.5,13,187.33
24.3,30.9,18.6,59,2.6,13.9,20.6,158.21
22.5,30,16,56,2.9,9.8,16.5,103.95
19.4,30,14.8,67,1.4,9.3,14.8,320.24
20.1,28.2,11.3,43,3.1,11.1,22.2,181.7
19.1,27.8,12.1,44,2.3,5,14.8,236.92
18.8,26.8,12,51,1.6,0.9,7.6,453.22
20.6,30,12.8,60,1.6,2.6,11.1,326.55
20.8,29.2,12.4,63,1.1,4.3,9.4,279.36
22.1,30.8,14.3,52,1.9,4.3,9.4,218.74
22.8,31.3,14,56,1.8,3,9.4,242.79
22.5,30.3,16.4,66,1.6,9.1,18.3,220.38
22.5,29.4,17,70,2.9,9.1,14.8,105.54
21.1,27.2,14,70,2.1,8.5,16.5,103.53
19.7,26.2,12,59,2.4,13.9,22.2,152.32
19.5,28,13,51,2.4,10.9,22.2,162.8
19.1,26.4,12,51,3.2,9.1,25.9,105.46
19.9,27.2,12,52,2.6,5.2,11.1,119.7
18.7,27.2,12.1,64,2.3,3,11.1,206.55
20.9,28,12.5,54,2.4,5,16.5,194.4
20.8,28.2,15.4,63,2.3,2,9.4,157.28
19.3,26,13.7,67,1.8,6.1,14.8,203.3
18.7,26.2,12.2,65,2.1,5.6,14.8,184.15
17.9,26.2,11,59,2.4,5.9,16.5,152.58
18.6,27.2,10.6,50,2.7,2.4,9.4,192.07
17.2,26.2,10.5,58,1.9,3.3,11.1,122.71
17.6,25.5,10,60,2.1,2.4,11.1,202.52
16.6,24.8,10,64,2.1,3.5,13,199.73
17.2,24.5,10,63,1.9,3,13,237.32
15.7,23.4,9,69,1.6,5,14.8,219.31
16.4,24.2,8,63,2.1,3.7,9.4,229.64
15.9,24.8,10,60,1.9,2.2,9.4,244.55
16.7,24.8,9.6,67,1.8,6.1,11.1,260.82
16.9,24.2,10.8,71,1.3,6.5,11.1,279.07
16.8,21.4,13.4,71,2.3,8.1,16.5,165.8
15.3,21,10,73,2.3,8.9,14.8,75.3
13.8,21.2,9,78,1.9,8.3,14.8,123.05
14.3,22,8.1,69,1.9,10,18.3,148.78
14.6,22,7.6,63,2.3,6.3,13,172.64
13.2,21,7,64,1.8,6.1,13,221.22
13.2,21.4,6,63,2.1,7.4,16.5,217.78
13.4,22.2,6.8,64,1.6,5.4,13,130.21
13.3,22.2,6.5,63,1.8,3.3,13,137.41
12.4,20.5,6,67,1.4,4.3,14.8,92.35
13.4,21.2,5.6,62,1.3,3.1,7.6,206.35
13.6,22,6,67,1.1,3.9,11.1,184.46
13.3,21.2,7,71,1,3.9,11.1,366.42
11,18.6,5,81,0.6,7.8,20.6,275.7
12.1,20.2,4,61,1.8,4.1,13,243.1
12.7,20,5.5,61,1.3,8.7,14.8,261.34
11,18.2,6,72,1.1,8.1,18.3,283.48
11.7,19.9,4,63,1.4,5.7,14.8,261.8
13.1,22,3,60,1.6,2,9.4,333.45
13.3,22.2,5.6,61,1.3,4.4,14.8,386.98
14.1,22.2,5.8,61,1.8,4.3,11.1,144.83
15.1,23.6,8.2,64,1.1,3.9,13,221.94
12.1,19,7,84,0.6,8.5,16.5,320.09
11.8,17.4,7.8,84,0.8,7,11.1,265.6
13.2,21.6,7.6,79,1,9.8,18.3,273.43
14.2,19.2,9,80,1.4,8.5,22.2,169.4
12.6,19.2,8,85,1.1,6.1,11.1,167.48
11.8,19.4,8,88,0.6,8.3,16.5,169.39
13,20.8,7,67,2.1,10.4,22.2,165.56
13.2,21.2,6.3,65,1.6,5.6,13,184.57
14.7,21.6,7.8,63,1.6,3.5,9.4,323.05
14.9,23.2,8.8,64,1.4,4.3,13,352.77
16.3,23.2,8.9,67,1.3,8.5,14.8,262.57
12.1,19.4,6,57,2.4,13.1,22.2,109.44
11.1,18.2,5.6,67,2.1,7.8,59.4,154.1
13.2,21.6,6.5,67,1.1,3.9,11.1,271.24
13.6,21.4,6.5,67,1,5.2,14.8,362.86
12.7,20.5,6,72,1,5.4,16.5,201.69
15.8,25.1,7.8,60,1.6,3.9,11.1,275.73
19.3,28.5,7.8,54,2.1,5.2,11.1,194.75
16.7,28.5,12.6,77,1.8,14.1,25.9,81.12
14.4,18.2,10,95,1.8,9.3,20.6,58.47
13.1,18.2,8.8,94,0.6,4.3,11.1,138.32
14.8,21.7,10.1,82,1.8,9.3,20.6,135.61
13.6,21.7,10,77,1.6,9.1,14.8,100.98
12.1,19.4,6.8,64,1.8,9.4,14.8,110.57
10.6,17.4,5,74,1.9,10.7,18.3,80.31
11.3,19.2,5.2,66,2.4,10.9,24.1,65.43
12.3,20.9,5,59,2.3,9.6,18.3,119.47
13.6,20.9,6,58,1.6,6.9,16.5,181.99
15.1,20.9,10.7,60,2.6,10,18.3,87.44
14.1,22,9,79,1.1,11.9,18.3,108.68
11.7,16.6,8,96,0.6,11.9,18.3,64.82
12.4,18,8,92,0.6,6.9,14.8,37.9
13.9,22.2,7.4,78,1.8,5,13,105.15
17.7,25.2,10.5,67,1.6,8.5,14.8,217.09
19,25.2,13.6,79,2.1,13.3,22.2,141.34
15.2,19.2,9.6,94,1.9,13.9,27.8,58.54
13.4,20.2,8,74,2.4,9.4,18.3,54.8
13.3,20.8,7,71,2.4,8.5,18.3,103.86
14,20.2,7,69,1.8,5.9,16.5,176.46
15.4,21.8,8.5,69,1.4,4.1,11.1,183.01
17.3,22.4,12,69,1.3,4.8,11.1,170.31
19,25.4,12.6,62,1.6,7,13,195.42
17.2,25.4,13.9,80,1.6,13.5,22.2,81.85
16.4,21,13.2,85,1.4,10.6,18.3,94.4
14.7,20.4,11,91,1.1,10.9,16.5,113.92
15.6,22.2,10,75,1.4,8.1,18.3,80.32
18.7,25.5,12.5,61,2.7,12.4,22.2,47.61
18.8,23.5,13,76,1.6,6.9,11.1,105.18
18.1,21.2,16,81,2.6,11.7,22.2,94.41
21.7,29,14.8,64,2.7,10.4,18.3,48.02
17.6,23.6,10,71,2.7,16.7,22.2,60.32
16.1,23.6,9,62,2.7,12.6,27.8,36.79
16.8,24.2,10.9,59,2.7,7.2,16.5,47.41
17.5,26.4,11.5,55,2.9,9.6,25.9,42.25
15.7,22.4,11.2,64,3.2,9.8,24.1,58.19
14.7,21.6,10.5,69,3.2,8,18.3,51.12
15.2,22.2,10,65,2.9,7.4,24.1,104.88
17.1,24.9,8.8,54,2.9,7.4,18.3,105.96
14.7,19.2,12,84,2.3,8.3,20.6,112.16
17.2,22.5,11.7,84,2.3,6.7,18.3,58.08
18.1,24.4,13,82,1.9,10.9,22.2,100.39
17.2,24.4,11,68,2.6,11.3,22.2,69.6
17.9,26,11,57,3.2,8.1,20.6,83.67
19.3,28.2,11.2,54,2.6,7.4,14.8,105.41
20.4,28.2,12.8,54,3.1,7,14.8,84.57
20.2,27.6,13.6,53,3.2,10.6,22.2,74.78
19.7,28.2,12.2,49,3.4,9.4,18.3,78.07
21.7,29.2,15,53,3.1,12.2,27.8,68.96
21.1,28.2,14,52,3.2,8.9,18.3,60.28
18.7,24,14,60,2.9,3.3,11.1,91.48
17.3,25.2,12,71,2.6,10.6,22.2,104.35
18.7,27.2,10.1,64,2.3,12.4,22.2,84.31
20,27.2,12,55,3.5,8.1,14.8,79.88
20.9,29.4,14,53,3.1,9.4,16.5,109.06
21.3,29.6,13.2,51,2.9,8.1,18.3,110.79
23.6,32.4,14,45,2.7,9.3,14.8,106.92
26.3,34.4,17.8,41,2.7,9.3,22.2,79.55
24.8,32.2,18,48,3.4,9.6,16.5,123.43
22.7,32.2,16,42,4,13.1,22.2,38.53
23.6,31.8,16,42,3.4,12.8,22.2,71.36
23.6,33.2,15,51,3.4,12,18.3,60.49
22.6,31.8,16,55,2.9,11.5,18.3,83.02
23.7,31.4,16,50,3.5,11.3,22.2,92.74
24.4,33,16,45,2.9,8.1,18.3,74.14
27.4,35.8,18,42,3.4,4.4,13,97.67
29.3,38.3,20.4,46,3.4,5,18.3,101.54
30.9,39.5,22,41,3.4,6.9,35.2,97.01
27.8,36,18,34,3.4,13.1,22.2,52.25
26.4,37,16,33,3.2,10.6,22.2,71.96
27.3,36.9,18.4,32,3.7,6.9,14.8,91.49
28.7,38.2,18.7,34,3.5,7,18.3,104.85
30.8,40.4,21,34,3.2,6.1,18.3,101.4
32.1,40.8,22,33,3.1,7.2,18.3,131.19
32.8,40.4,24.2,31,3.2,7,13,86.42
29.1,40.4,22,51,2.4,12.4,27.8,129.97
28.3,37.5,20.5,46,2.9,6.9,20.6,56.09
29.8,38.2,21.8,42,3.2,5.9,13,68.09
32.3,40.2,23.2,33,3.5,8.5,14.8,90.05
32.9,40.6,24,29,3.9,9.3,22.2,69.8
31.1,38.4,24.8,34,3.4,12,18.3,51.86
31.6,39.2,23.8,32,4,13.7,24.1,52.36
32.4,39.6,23.9,31,3.7,13.7,18.3,52.66
32.6,41.2,24,30,3.7,11.9,29.4,51.11
24.8,32.2,21,54,2.6,14.4,37,44.99
21.9,29.6,18,66,3.1,11.7,29.4,15.33
24.9,32,17.1,51,3.7,6.9,14.8,39.01
26.3,33.6,19,46,3.1,8.7,14.8,93.41
28.8,36.3,20.5,36,3.1,5.4,13,111.75
31.9,39.2,22.9,31,3.1,7.6,18.3,89.16
32.2,40.2,23.5,32,3.1,6.9,22.2,104.14
34.7,42.5,24.2,31,3.1,9.3,20.6,109.48
34.3,43.2,25,34,2.4,8.9,22.2,73.81
34.5,42.2,25.4,25,3.1,10.9,22.2,84.35
34.8,42.2,25.6,22,3.5,15.6,33.5,66.16
34.8,43,25,17,3.1,13,27.8,74.02
34.8,43.4,25,19,3.2,8.3,18.3,96.39
34.9,43,25.5,23,2.9,6.9,14.8,106.14
32,40.4,26.4,30,2.9,16.5,55.4,67.02
30.7,40.3,25,35,3.4,10,18.3,50.08
32.2,40.6,22.9,20,3.2,10.9,22.2,120.48
32.6,41,21.6,21,3.4,9.1,22.2,61.89
34,42.8,25,17,2.7,8.9,24.1,125.24
34.8,43,24.2,19,2.6,9.6,27.8,144.71
35.5,43.6,26,20,3.1,10.7,25.9,144.35
35.4,43.6,27.6,20,2.9,13,27.8,113.45
34.1,43.6,26,22,3.1,13.1,27.8,68.33
33,40.2,24,31,2.4,11.3,18.3,105.18
32.9,40.3,26.2,28,2.1,11.3,22.2,169.98
31.1,41.5,24,35,2.3,10.2,33.5,204.82
30.6,37.2,23.4,37,3.5,8,20.6,53.7
29.1,36,22,47,3.2,8,22.2,71.79
33.3,41.2,24.5,30,3.1,8.7,18.3,117.01
34.5,42,25.5,29,3.2,8.1,20.6,85.81
33.7,41,27,34,3.4,6.5,14.8,76.39
31.4,41.4,24,44,2.9,8.7,37,87.25
29.6,41.4,23.9,53,3.4,12.6,24.1,43.82
32.2,39,24.6,35,4,13,20.6,43.74
33.5,41,24.4,27,3.5,10.4,22.2,67.17
35.4,43.5,26,20,3.9,10.6,22.2,68.36
35.7,44,25.3,17,3.9,9.1,24.1,78.22
37.2,45,26.5,20,3.9,8.5,20.6,86.44
37.9,46.8,28.6,18,3.4,8.9,22.2,95.41
38.3,46.8,28.7,18,3.9,8.7,18.3,79.76
37.8,46.2,29.8,30,3.7,11.3,20.6,82.96
37.1,46.1,30.5,42,3.4,13.7,44.6,70.81
35,44.6,30.3,43,2.7,15.7,24.1,60.86
35.8,43.4,29.2,42,3.2,12.2,22.2,53.52
37.6,44.6,30.3,33,3.7,9.6,14.8,69.16
36.1,45.3,28,30,3.4,10.9,29.4,67.92
34.7,45.3,26.2,43,3.7,9.6,16.5,54.51
38.2,45.2,29.4,26,3.2,6.7,18.3,91.84
38.4,46.2,29.3,24,3.4,6.5,16.5,120.26
40.4,48,30.2,18,3.5,8.9,20.6,108.38
39.2,48,33.3,20,2.6,10.7,29.4,110.72
34.7,43.4,30,40,2.6,14.3,27.8,65.36
36.7,43.4,29.8,35,3.7,11.1,18.3,48.36
37.7,45.2,29.6,21,3.9,10.9,24.1,52.76
37.4,45.4,28,25,3.2,13.5,27.8,92.88
30.8,37.8,27,55,3.1,14.3,29.4,38.56
29.1,37.8,22,54,3.5,14.3,27.8,46.34
28.9,36.8,21.1,51,3.9,10.4,27.8,30.99
31.4,38.8,25.5,49,3.2,9.1,18.3,78.52
33.2,41.2,25,44,3.9,8.7,27.8,47.36
34.4,41.2,28.7,44,3.4,9.3,27.8,68.27
35.8,42.4,27.4,37,3.9,13.1,18.3,78.99
34.2,42.6,28,49,3.9,13.5,18.3,46.33
31,38.6,27.4,64,3.4,12.4,22.2,30.09
34.2,40.4,27.9,52,3.5,7,13,57.83
36.5,42.8,29.8,42,3.4,10.4,20.6,61.83
35,42.8,30,40,3.1,12,24.1,81.86
36.1,43.8,29,36,3.5,13.3,22.2,70.23
38.2,44.8,30.5,34,3.7,11.5,22.2,63.92
37.3,44.8,32,33,3.1,12.4,25.9,74.41
36.3,44.8,30.6,38,3.1,10.9,16.5,60.3
35.5,43.4,30.2,48,2.9,12.2,16.5,74.5
35.1,41.9,30.2,50,3.9,11.7,22.2,47.97
30.8,41.9,27,72,2.7,8,18.3,40.33
29.9,34.5,26.7,76,2.6,8.5,24.1,40.91
32.2,39,26.8,63,2.7,10.7,20.6,35.5
31.8,37,27.5,67,3.4,8,18.3,37.18
32.9,38.2,29,61,2.7,8.1,18.3,48.92
31.2,38.2,28.1,68,2.7,11.9,22.2,43.65
34.4,39,28.2,55,2.6,11.5,18.3,59.97
34.8,40.6,30.6,53,2.9,13.1,22.2,64.09
35.4,40.6,30.9,47,2.4,13,22.2,58.96
35,40.9,31,47,3.2,13.9,27.8,47.85
33.8,39.8,28,48,2.9,13.7,22.2,48.21
28.4,39.8,23,73,3.2,12.4,37,41.68
28.2,37,22.3,80,3.4,12.6,22.2,30.85
27.3,33.2,22.6,84,3.1,8.9,16.5,29.12
26.9,30,22.2,83,3.1,6.1,13,32.27
31.6,36.4,24.6,68,3.4,7.4,11.1,65.19
29.4,36.4,25,82,2.9,7.2,25.9,50.28
29.5,37,25,82,2.7,6.3,27.8,50.21
31.8,37,24.5,72,2.4,6.9,22.2,60.15
33.7,38.1,28.1,68,3.2,6.9,14.8,76.28
31.8,39,27,71,2.9,10,24.1,68.43
27.8,38.2,26.2,87,2.9,8.1,14.8,22.55
27.6,32.2,25.7,90,2.3,9.1,20.6,31.68
27.8,32.2,25.1,89,2.9,12.8,22.2,25.39
29.3,33.8,25.2,85,3.5,14.8,24.1,22.07
30.5,34.4,26.8,76,3.5,13,22.2,26.41
30.6,34.4,27.5,76,3.7,13.3,20.6,30.97
30.8,34.2,27.1,77,3.2,9.1,16.5,33.57
31.3,36.8,27.2,72,2.9,10.7,18.3,40.66
29.1,36.8,27,85,2.6,5.4,18.3,48.71
28.4,34.2,26.3,89,2.3,6.7,22.2,47.21
30.3,36,26.1,86,2.1,6.5,18.3,72.14
31.1,36,26.4,83,1.9,7.6,14.8,64.23
27.4,36.2,23.8,95,2.3,6.3,18.3,38.35
30.2,34.4,24.9,79,3.1,9.8,18.3,37.78
32.4,37.5,26.9,70,3.5,11.1,22.2,26.94
30.2,33.8,27,72,3.9,17.6,27.8,12.31
29.6,34,27,80,3.4,13.5,27.8,17.36
31.8,37,27,71,3.7,10.2,14.8,26.33
30.2,37,27.2,84,3.5,7.4,11.1,18.54
29.2,36.4,26,87,2.6,9.8,18.3,21.92
29.4,36.4,25.7,88,2.3,5.6,27.8,36.67
29.7,33.6,24.5,82,2.9,13.1,22.2,31.27
28.3,33.6,26,85,3.4,14.8,25.9,16.31
26.3,28.6,25.2,98,2.1,14.6,22.2,8.01
27.4,30,24.4,92,2.7,8.9,18.3,13.93
30,34.7,24.6,80,2.7,6.9,14.8,41.15
30.3,35.3,26.1,74,2.6,11.1,22.2,43.68
30.9,36.1,26,68,2.9,10.7,20.6,48.29
29.2,36.6,25.3,72,2.7,8.5,27.8,38.72
31.4,37.2,26.1,67,2.7,6.7,14.8,55.4
29.7,37.2,26,78,2.4,6.7,14.8,59.85
27.7,33.8,25.6,84,2.6,9.1,18.3,32.15
30.4,35.4,24.9,73,3.5,10.4,20.6,26.67
31.6,36.6,26.8,68,3.4,7.4,11.1,38.71
32.4,37.9,27.5,66,3.7,10,14.8,36.73
31.4,37.9,28,70,3.4,10.4,18.3,35.57
31.9,37.7,26.7,69,3.2,6.1,13,51.95
31.8,37.7,28.2,69,2.7,4.8,14.8,64
29.3,37.5,25.9,79,3.5,10.9,27.8,30.54
31.1,36.6,25.6,72,2.9,5.6,11.1,48.4
31.4,36.6,27.9,73,2.3,5,9.4,91.64
30.4,35.4,27.8,78,2.1,9.1,14.8,83.2
31.1,36.8,26.9,74,3.1,8.9,18.3,32.04
30.3,36.8,27,77,2.9,9.4,18.3,34.05
29.6,36.6,26.8,80,3.1,10,16.5,31.77
31.5,36.6,26,71,2.9,6.1,13,32.03
32.3,38.2,27.5,65,3.2,6.3,14.8,55.91
32.5,38.4,27.4,62,2.9,5.6,11.1,70.04
33.2,39.5,27.5,60,2.9,6.7,13,81.93
31.6,39.5,28.5,73,2.9,11.5,16.5,65.76
31.7,38.7,27.1,68,3.5,10,14.8,35.64
30.5,38.7,27,71,3.4,12,16.5,28.86
29.6,35.4,26.8,78,3.1,6.7,14.8,47.76
31.6,37.1,26.5,66,2.9,7.4,9.4,53.44
30.7,37.1,24.6,64,3.5,7,16.5,59.42
29.3,36.4,25.4,70,4,14.4,18.3,35.81
27.9,36,24.6,74,3.4,10.4,16.5,26.54
29.3,34.8,24,70,3.7,8.7,14.8,40.42
26.7,37.1,23,83,2.7,5.4,27.8,40.44
25.9,37.1,22.3,85,3.4,11.5,22.2,25.18
27.4,31.6,22.9,76,3.2,7.8,13,32.48
27.8,32.5,22.8,74,3.1,8,18.3,37.9
28.1,33.3,23.3,73,3.4,10.6,18.3,32.61
28.4,34.5,24.8,73,3.9,13.3,20.6,21.74
27.1,33.8,24.4,78,3.7,11.7,18.3,19.59
26.7,32.2,23,78,3.4,12.8,20.6,20.53
26.3,32.2,23.2,81,3.9,11.1,14.8,17.68
26.6,31.4,23,80,3.5,9.4,16.5,31.99
27.1,33,22.6,79,2.9,7.8,13,39.38
28.4,33,23,66,3.1,4.8,11.1,51.98
27.3,36.4,21.8,68,3.2,6.7,27.8,59.52
25.8,36.4,20.4,73,3.2,10,16.5,45.11
26.8,32.6,20.5,58,3.9,10.6,18.3,45.08
27.1,32.6,20.8,61,3.2,9.1,14.8,64.6
26.6,32.5,22,62,3.5,12.4,20.6,60.45
25.9,31.7,20.1,60,3.9,8,16.5,62.89
27.1,32,20.3,55,3.4,4.6,11.1,90.48
27.2,33.2,20.6,53,2.9,5.6,11.1,99.61
27.2,33.8,19.8,55,3.2,5,9.4,100.51
27.3,33.4,21,58,3.2,4.8,14.8,122.14
27.2,33.2,20,55,2.7,4.8,13,130.55
27.2,33.2,20.2,58,2.6,4.1,11.1,138.08
27.9,34.2,20.6,55,2.6,4.3,9.4,145.98
28,34.2,21.8,57,2.1,5.7,11.1,155.49
27.6,34.2,20.6,57,2.3,8.1,11.1,126.58
27,33.7,21.2,53,2.4,11.5,37,91.2
26.8,33.6,20.4,55,2.6,3.7,11.1,91.93
25.7,32.4,19,51,2.7,6.3,18.3,114
24.6,33.2,17.7,53,2.1,9.6,20.6,127.86
23.7,31.5,16.8,51,2.4,7.4,20.6,103
24.7,32.1,17,52,2.6,5.7,14.8,140.57
25.1,32.1,17.5,53,1.9,5.6,11.1,167.96
24.6,32,18.4,54,2.3,6.3,11.1,131.29
24.7,30.8,17.8,56,1.9,1.5,9.4,147.69
24.2,31.2,17.6,52,1.9,6.1,18.3,206.12
24.3,31.2,17.1,56,1.6,5,11.1,274.55
24.2,30.4,18.5,63,1.6,2.2,7.6,299.38
24.8,30,19.5,55,1.6,3.1,9.4,276.69
25.1,31,17.4,56,1.3,2.8,11.1,327.48
25.4,31,18.1,57,1.1,2.8,13,439.54
23.2,28.7,19,73,0.8,6.3,22.2,343.5
22.7,28.7,18.5,74,1.1,8.3,18.3,552.9
22.9,29,18,63,2.1,9.6,18.3,228.69
23.1,29,16,54,2.4,7.8,22.2,160.91
24,31,16,44,2.6,6.5,11.1,120.85
20.4,31.6,17.4,75,1.4,7.2,16.5,190.69
22.6,28,16,63,1.9,4.8,11.1,165.53
22.2,29,15.4,55,2.1,9.8,18.3,169.04
19.8,29.4,14.5,62,1.8,5.2,11.1,191.85
20.9,27.8,14.4,49,1.4,4.4,70.6,260.9
20.4,27.2,12.5,52,1,4.6,13,423.16
21.4,28,14.2,58,1,2.4,9.4,470.24
21,27.4,16,66,0.6,4.6,13,455.48
21.6,27,15.6,64,1,6.1,9.4,561.21
21.4,28.2,15,60,1.8,11.7,22.2,202.7
21.1,28.9,14.1,59,2.6,12.2,18.3,117.88
19.8,28.4,14,60,2.6,8,20.6,104.73
20,26,13,59,2.4,5.2,13,121.31
19.9,26.4,12.3,58,1.9,3.1,11.1,189.13
20,27.4,12.8,57,1.6,2.6,9.4,250.81
21.7,27.4,13,53,1.4,6.3,11.1,219.17
20,27.4,14.6,64,2.1,9.4,14.8,148.15
20.5,26,14.9,65,1.9,7.6,14.8,135.61
21.4,27,14,58,1.9,4.6,9.4,153.24
21.3,28.2,16.3,59,2.4,8.7,22.2,106.61
20.7,28.2,14.9,65,2.3,10,16.5,68.39
17.8,26.5,14,75,2.3,13.1,25.9,33.49
18.5,23.2,12.3,72,2.7,6.9,11.1,59.14
16.4,24.2,12,80,1.4,6.5,13,103.49
16.6,22,9.4,66,1.8,6.5,16.5,143.48
16,22.4,9.4,64,2.3,9.3,18.3,152.7
16.7,23.1,8.6,52,2.4,6.9,18.3,148.54
16.5,23.6,8.5,51,2.1,3.5,9.4,175.72
16.6,23.5,8.2,60,1.3,2.8,11.1,261.02
16.3,23.2,9,73,1,5,13,289.69
16.5,23.2,9.8,71,1,2.4,11.1,293.3
16.7,23.2,9.9,65,1.1,3.7,11.1,245.18
16.1,23,8.8,59,1.4,3.3,9.4,246.08
15.7,23.2,8.6,63,1.3,2.8,11.1,258.03
17.3,22.6,8.7,63,1.3,4.3,11.1,295.91
16.7,23.2,12.2,74,1,13,44.6,274.03
15.1,20.6,12,88,1.1,11.5,18.3,107.4
14.4,18.2,9.5,81,1.1,5.9,9.4,95.74
13,18.4,9.3,86,1,10.2,14.8,107.48
11.1,18.2,9.4,91,1.1,13.9,18.3,99.32
10.4,12.5,8.8,87,1.3,9.6,14.8,110.8
11.2,15,7.8,84,1,5.9,14.8,157.1
10.6,15.5,5.4,92,0.5,3.9,11.1,325.11
10.8,15.4,8,95,0.2,4.3,16.5,282.94
12.2,16.4,8.9,93,0.6,8,13,252.52
10.7,17,9,96,0.6,12,16.5,159.35
9.1,14,6.8,95,0.6,7.2,13,200.24
10.2,15,5.5,89,0.6,6.7,13,311.07
8.2,15,5.4,97,0.6,11.3,14.8,180.21
8,11.6,5.6,90,0.8,7.8,13,223.77
8.6,12,4.2,84,0.8,4.6,11.1,260.55
7.1,12.9,3,95,0.5,4.4,11.1,305.48
8.6,13.2,3.2,90,0.5,3.5,11.1,388.06
6.4,13.6,2.9,99,0.3,5.4,11.1,319.55
9,14,5,80,0.6,4.1,13,256.57
11.9,19,3.1,75,0.8,4.3,14.8,472.98
14.8,21.3,5.6,69,1,3,9.4,455.22
15.4,22,8.4,71,1.6,3.3,13,276.09
14.6,22.5,8.6,72,1.1,5.9,14.8,214.89
14.3,20.3,7.2,69,1.4,6.7,16.5,181.99
14.7,20.8,9.4,72,1.6,6.7,13,182.3
14.8,20.2,11,81,1.6,10.9,16.5,119.5
12.8,18.8,9,96,1,9.6,18.3,127.95
9.4,14.5,6,93,1,10.7,16.5,101.98
9.7,15,5.4,90,1,7.8,16.5,155.97
12,19,5.6,73,1.6,5.7,14.8,165.7
14.5,21,7.6,68,1.4,5.4,13,250.98
15.3,21.1,9.6,79,1.3,11.7,20.6,215.79
12.8,20.6,9,89,1.4,7.8,13,110.41
13.1,18,6.7,83,1.3,8.1,11.1,134.93
12.2,18.4,8,91,0.8,6.9,13,165.54
12.7,16,10.4,88,1,7.4,14.8,139.26
12.2,16,8,89,0.8,3.9,13,140.36
9.9,15.8,6.2,91,0.8,13,18.3,132.5
11.5,15.8,7.6,97,0.8,6.3,14.8,154.58
13.4,19,8.8,86,0.8,4.4,13,235.44
11.3,19.6,8.1,92,1,10,14.8,199.83
12.6,19.2,6.6,66,2.3,13.7,25.9,84.82
13.3,20,6,60,2.6,9.3,24.1,88.02
13.6,20.4,6,66,1.9,4.4,13,165.24
14.6,21,7.2,66,1.6,5.7,16.5,201.25
16.1,22.2,9.4,69,1.4,9.1,18.3,198.59
15.7,22.2,11.4,88,1.3,11.3,22.2,116.05
14.7,20.3,9.2,78,1.4,7.6,13,78.57
13.8,20,8,79,1.6,9.6,18.3,98.84
11.9,19.8,6.2,75,2.1,7.4,14.8,102.66
13.4,19.2,6.9,75,1.6,7.2,14.8,122.03
11.9,20,6,76,1.3,7.4,20.6,138.45
13.9,21,6.1,62,1.9,5.6,11.1,159.21
15.1,21.4,6.5,61,1.9,3,14.8,190.34
14.2,22.2,7.6,70,1.8,8.9,16.5,170.36
12.8,21.2,7.1,69,1.9,6.3,11.1,144.2
13.2,19.6,6.8,70,1.6,5.9,14.8,166.88
14,20.6,7,68,1.3,7.8,18.3,181.57
14.4,21,7.4,67,1.6,5.7,14.8,179.53
13.1,21.6,7,70,1.3,5,13,234.19
15.4,21.4,6.8,67,1.1,5.4,13,242.73
16.1,23.8,8.6,72,1.1,12.4,22.2,206.46
19,27,10.2,59,2.4,16.1,22.2,137.92
17.2,27.2,11,57,2.4,14.8,25.9,99.78
17.4,25,8.6,51,2.6,13,25.9,117.61
17.7,25.8,9.1,56,2.1,6.5,16.5,156.68
17.7,26.3,9.6,53,2.1,8.9,22.2,171.47
18,26.4,8.8,48,2.1,8,22.2,156.12
20,26.6,9.4,49,2.6,15,24.1,119.51
20.8,26.6,13.9,58,2.3,17.2,27.8,98.75
16.2,28,13,82,2.7,13.5,33.5,57.88
18.4,24,12.4,73,2.3,6.5,14.8,77.08
20.3,26,13.6,68,1.9,6.7,14.8,119.36
19.7,26.1,12.2,68,1.9,8,14.8,87.82
19.7,26.5,13,69,1.3,6.9,18.3,155.46
20.1,26.4,13.7,65,1.6,8,16.5,156.81
21.1,27.2,14.3,73,1.8,10.4,18.3,105.15
21.2,27.7,16.6,71,2.1,15.4,29.4,87.05
19.8,27.6,15.8,77,2.3,17.2,29.4,58.24
20.6,28.6,13.9,69,2.7,5,11.1,44.81
21.4,28,15.3,68,1.9,3.3,13,107.82
21.7,28.2,14.8,56,2.1,5.9,13,103.75
20.9,28.4,15.1,62,2.6,10.4,24.1,78.57
19.1,29.4,13.9,68,2.6,15.4,24.1,28.07
15.9,21,13,89,1.9,13.3,27.8,22.2
17.6,20,12.2,82,2.3,6.7,14.8,52.64
18.1,25,12.4,72,1.9,9.1,22.2,71.99
18.7,25,12.3,61,2.3,11.3,22.2,98.35
19.9,26.4,10.2,60,2.7,5.9,13,90.43
20.8,26.4,15,72,2.6,13.5,24.1,54.92
21.6,27.7,15,54,3.1,8.7,18.3,54.03
20.6,27.8,13.6,54,2.6,8.1,16.5,73.93
17.7,23.2,14,86,2.3,8,16.5,44.25
18.8,25.6,12.4,65,2.1,6.3,16.5,85.52
20.2,27.1,13.6,62,2.4,8.7,14.8,89.23
21.2,28.2,14,59,2.6,8.9,18.3,97.72
22.8,29.4,14,58,2.4,7.8,18.3,100.71
23.6,30,16,60,2.3,7.6,16.5,98.29
24.7,31.5,16.9,57,2.3,6.1,13,93.95
24.5,31,18.1,54,2.7,5.6,14.8,86.52
24.8,31.2,16.4,51,2.7,7.2,14.8,79.92
24.7,31.2,17.3,48,2.6,4.3,9.4,62.3
23.4,31,18,62,2.9,6.7,27.8,51.26
24.8,32.4,17.2,55,2.7,8.1,22.2,39.88
22.9,33,18,66,2.6,10.9,20.6,42.61
20.8,26,18,74,2.7,9.1,20.6,29.11
22.2,28,15.9,63,2.9,10.4,18.3,19.98
23.8,30,15.7,52,3.1,13.1,20.6,35.72
22.9,30,16.2,50,3.1,10.6,18.3,45.55
23.9,32.2,17,49,3.4,8.9,20.6,34.19
24.4,31.8,16.6,52,3.4,9.8,18.3,35.19
24.4,31.2,16.8,44,3.2,12.2,22.2,30.17
23.7,32.2,15.6,40,3.4,8.5,18.3,41.21
24.8,32.8,14.8,39,3.4,7.8,18.3,58.41
26.2,33.8,17.3,44,3.1,6.3,13,67.42
29,36.6,19.1,37,3.2,9.3,18.3,58.82
26.3,37.5,18.1,41,3.2,12.8,20.6,51.11
26.4,34.2,18,36,3.4,11.5,18.3,34.93
25.9,34.7,16.9,36,3.5,7.8,18.3,46.06
28.5,35.8,17.9,31,3.2,5.4,11.1,92.53
29.8,37.6,20.6,30,3.4,9.6,20.6,47.29
29.2,37,19.5,35,3.7,8.7,18.3,46.58
30.4,38.6,21.1,34,3.5,7,22.2,83.24
32.2,39.6,24.1,31,3.5,4.8,9.4,80.14
32,41.2,25,22,3.2,6.5,14.8,58.3
31.9,39.8,23,30,3.5,10,18.3,70.72
30.6,40.4,24.8,35,3.5,10.2,18.3,24.03
28.4,36.6,22,39,3.4,11.7,22.2,24.12
28.5,38.4,19.6,40,3.4,6.7,18.3,39.47
26.6,31,21,43,3.4,7.6,20.6,49.46
28.3,35,18.9,36,3.2,6.9,16.5,33.45
29.8,36.6,19.4,33,3.7,5.7,16.5,76.42
29,35.2,23,35,3.2,6.9,37,49.46
29.8,37,20.6,36,4,5,11.1,58.91
30.7,37.4,24.2,34,4,9.1,22.2,25.08
24,31,19,62,2.7,11.9,27.8,35.43
27.1,34,18.6,53,3.9,16.3,22.2,25.07
29.1,33.4,22.1,51,3.9,6.9,18.3,35.76
30.9,36,23.1,47,3.5,7.8,13,54.6
31.6,38.2,24.5,44,3.4,5.9,14.8,52.95
31.4,39.6,24.1,48,3.4,11.9,16.5,56.67
29.9,40.5,24.5,54,2.7,17.8,22.2,33.69
26.9,38.7,21.8,64,2.9,11.9,25.9,28.86
28.6,34.6,19.5,54,3.7,5.9,13,25.64
31.1,38.2,22.1,42,3.5,7.8,18.3,57.94
29.7,38.2,23.1,39,3.4,8.1,18.3,50.21
30.4,39.1,21.7,35,4.3,8.5,16.5,33.82
32.4,40.2,22.6,36,3.5,8.9,14.8,49.03
33.6,41.2,24.5,41,3.7,10.2,18.3,53.55
27.3,42.2,22,53,2.9,13.5,37,41.85
29.7,36.9,20.2,49,3.2,11.5,16.5,38.61
31.5,37.4,23.6,44,4,8.3,13,40.88
30.2,38.6,25.8,49,2.9,6.3,18.3,61.76
30.5,41.1,23.4,47,3.5,9.6,37,44.3
32.2,41.1,22.8,35,3.9,11.1,20.6,45.95
32.9,40.2,24.5,29,3.9,8.9,22.2,74.07
32.3,41.2,24,30,2.6,5.4,18.3,104.7
33.2,41,23.6,23,3.5,7.6,25.9,100.12
34.1,42,23.4,22,3.5,6.1,16.5,115.52
33.8,42.8,22.4,19,3.4,11.1,20.6,70.42
34.8,43.2,22.9,18,3.9,8.7,24.1,60.32
36.6,45.4,24.4,18,3.9,5.2,20.6,64.56
37.9,45.4,27.6,16,3.4,10.4,22.2,50.6
37.9,45.6,29,17,3.5,10,22.2,42.52
37.2,45.2,26.6,21,4.2,7.8,25.9,63.26
38.4,46.2,29.1,17,3.9,10.6,29.4,49.82
38.1,47.6,28.5,20,3.9,13,22.2,34.78
32.3,47.2,24.6,44,3.1,18,37,33.45
28.9,41.8,22,57,2.7,14.1,33.5,21.93
28.3,36.1,22,63,3.4,13.3,22.2,19.78
25.5,36.1,20.1,73,3.7,9.6,33.5,15.21
29.6,35.2,19.8,59,3.9,2.8,9.4,35.69
31.1,36.2,23.5,48,3.9,7.4,22.2,39.35
31.4,36.2,24.5,47,3.4,5.6,13,39.91
28.9,39,25.1,59,2.4,6.5,22.2,68.01
29.1,37.4,23.2,56,3.1,8.7,27.8,31.14
30.6,36.6,23.4,57,3.4,7.6,14.8,32.67
29.2,38.2,21,61,2.9,7.8,37,37.99
32.6,37.2,24.5,50,3.2,7.4,18.3,41.54
35.4,41.2,26.2,43,3.4,6.5,20.6,57.23
34.1,42.6,28.4,49,3.4,5.7,24.1,39.96
35.2,43.6,26.5,46,3.4,6.7,16.5,44.14
35.7,42.2,29,47,2.9,9.1,27.8,59.69
32,42,28.6,57,2.7,8.3,27.8,47.68
34.8,42.2,27.2,51,3.1,7.2,14.8,59.34
36.2,41.4,28.5,40,4,9.6,20.6,43.84
35.5,43.2,29.1,43,3.7,10.7,18.3,36.61
35,41.2,29,50,3.9,13.5,22.2,29.07
36.5,43.2,27.5,42,3.5,11.9,20.6,32.81
36.1,44.2,29.5,49,2.7,12.8,18.3,48.26
31.9,43.1,27,51,2.7,10.2,37,27.28
31.8,39.9,25.1,62,2.7,9.1,13,31.66
32.4,38.2,24.2,57,3.4,11.1,27.8,33.41
32.5,38.5,27.2,62,3.5,14.6,20.6,24.84
30.8,39.1,28.8,72,3.4,12,25.9,25.05
31.9,39.4,28.2,65,3.1,5.9,27.8,24.29
32.6,39.4,28.9,62,3.1,10.2,24.1,46.52
34.6,40.6,29.2,52,2.9,13.1,27.8,34.41
37.2,42.6,30.4,44,2.7,12.6,29.4,51.35
33.8,42.6,28,51,2.9,13.5,37,34.86
33.1,42.2,28,63,3.1,117,18.3,35.41
34.3,40.3,30,59,2.9,9.8,13,46.75
35.7,40.6,30.6,54,2.6,8.5,14.8,61.74
34.3,41.8,28,58,3.1,11.3,46.5,55.96
32.5,43.2,23,68,3.1,14.6,22.2,39.29
29.1,38.6,23.5,73,3.7,8.9,18.3,25.26
31.2,35.2,28,73,2.6,10.9,16.5,43.41
29.4,37.4,27,79,2.9,16.9,37,16.17
30,35,27.6,82,2.6,8.5,22.2,19.19
32.4,37,28,71,3.9,7.2,13,31.3
33.1,38,26,62,4.2,12.4,18.3,19.89
32.1,38.8,25.8,68,3.7,8.7,16.5,17.21
29.7,37.1,26,67,3.2,10.7,46.5,15.91
31.9,37.4,27,65,3.5,7.2,16.5,25.6
33.9,39.4,28.5,61,3.5,8.7,14.8,30.42
32.4,39.4,29,67,3.1,12.6,22.2,36.27
32.1,37.2,29,69,3.1,11.7,16.5,24.83
32.1,38.6,29,73,2.4,12.2,20.6,43.08
31.9,37.2,30,75,2.7,10.6,18.3,38.78
28.1,32,24,81,3.2,9.8,22.2,22.08
26.5,33,24,89,2.4,9.6,37,19.94
26.1,33,24,94,2.6,5.7,18.3,13.68
29.7,33,24.6,76,3.1,5.7,13,34.64
29.4,35.8,24,79,2.9,7.8,14.8,41.97
30.1,34,25.3,80,2.4,7.6,14.8,30.23
31.7,35,27,74,3.1,4.3,14.8,37.59
31.9,36.4,28.6,73,3.7,10.6,16.5,29.84
32.8,38,29,68,3.9,8.9,22.2,22.51
28.9,38,24.8,81,3.5,8.7,18.3,21.32
28.5,37.4,25.5,83,3.5,6.1,18.3,17.22
30.5,33.2,27.4,80,2.4,6.1,13,36.3
29.2,35,27,84,1.8,13.3,-,30.14
31,35.8,26.8,79,2.9,6.9,13,22.59
31.9,37.2,27.6,72,3.2,10.4,13,26.9
32.2,37.2,28.1,67,2.4,5.4,13,24.26
30.6,34.8,28.6,82,2.1,5.4,27.8,38.23
32,36.4,28,68,3.9,18.5,33.5,15.87
30.9,36.8,27.9,73,3.4,11.7,22.2,26.13
31.7,36.8,27,76,3.1,5,18.3,53.93
29.7,34,26.5,83,3.1,5,18.3,30.3
30.5,34,28,81,2.6,7.4,14.8,33.79
30.6,35.8,28,80,2.4,6.7,14.8,39.34
30.7,36.6,25,78,3.1,10.9,27.8,19.7
27.1,37.2,25,96,2.4,6.1,16.5,12.14
29,31,26,87,2.4,9.4,18.3,25.06
30.1,34,27,83,3.2,9.1,16.5,26.74
30.8,35,27.6,81,3.1,8.1,14.8,20.7
29.9,34.2,28,86,2.6,7.8,14.8,29.99
29.5,34,27,85,3.1,6.7,22.2,23.73
26.7,34,24,96,1.4,8.5,16.5,24.5
26.6,30,24,92,1.9,8.3,14.8,21.08
29.4,33,24.7,77,3.5,10.2,20.6,18.35
29.9,34,26.2,72,4.3,14.4,22.2,14.5
28.8,34.4,27,81,3.1,14.8,20.6,16.46
28.4,34.2,26,83,2.7,12.4,22.2,14.11
29.1,31.4,26,81,3.5,8.1,14.8,16.66
29.6,32,27,77,3.7,7,13,16.96
30.4,34.6,26.5,73,3.7,8,20.6,18.12
28.1,35.8,26,85,1.9,6.1,18.3,24.64
30.1,33,25.7,76,2.7,6.3,14.8,42.24
27.9,34.1,26,81,3.2,16.7,27.8,19.24
28.4,31,25.6,78,4,11.7,16.5,9.94
29.7,33,25.4,71,3.7,8.3,13,17.35
30.1,34,26,72,3.7,4.6,9.4,21.53
30.5,34.6,28,73,2.9,11.3,22.2,33.26
29.7,35.6,27,80,2.7,6.7,14.8,35.83
28.8,35,25,79,2.7,7,27.8,40.41
29.6,35.8,25,77,2.6,4.3,9.4,28.53
28.4,34,26,82,2.1,4.8,13,49.33
30.3,34.4,25.4,73,2.7,4.4,13,29.74
30.8,34.6,27,72,2.7,6.9,14.8,58.99
30.7,35.6,27,70,2.6,6.5,18.3,61.04
31.7,36,26.5,60,2.9,4.3,13,71.85
31.9,37.2,26.9,61,3.2,4.3,14.8,57.28
31.6,36.8,28,69,2.3,4.1,14.8,69.89
31.3,36.2,27,67,2.6,4.4,13,64.26
31.6,36.4,26,66,2.7,3.5,14.8,63.62
32.2,36.4,27.6,63,2.9,7.6,13,63.62
32.3,37.2,27.5,61,3.5,10.2,22.2,44.03
32.5,37.8,28,62,3.5,10,22.2,34.57
32.2,38,28,61,3.4,5,13,52.52
31.8,36.8,27.6,64,3.1,7.8,14.8,60.35
31.8,36.5,27.4,64,3.2,7.4,13,50.67
31.4,36.8,28.4,67,3.1,7.2,16.5,39.3
30.9,36.7,27,68,3.5,8.7,14.8,27.24
30.4,35.4,26,67,3.4,7,13,39.58
31,36.4,26,57,3.2,7,18.3,53.71
28.8,37.2,24,61,3.1,8.5,22.2,54.69
29,35,23.6,58,3.5,4.8,11.1,35.33
30.1,35.6,23.6,54,3.5,8.9,20.6,63.71
29.7,36.1,24,59,3.4,9.8,18.3,65.27
28.9,35,23,54,3.2,8.3,22.2,56.06
29.6,36,23,50,2.9,7.2,18.3,61.08
29.2,36.4,22.5,53,3.9,6.5,13,68.73
28.2,35.5,21,48,2.9,6.3,14.8,91.19
27.8,35.5,20.8,47,2.9,5,14.8,61.74
27.9,35.2,20.9,44,3.4,6.3,22.2,72.36
27.8,35.2,20.8,47,2.9,6.9,20.6,78.95
28.3,35.5,20.8,47,3.4,7,16.5,91.38
28.2,35.4,21.2,48,2.7,5.7,16.5,83.48
27.8,35,21,48,3.1,4.6,13,88.98
27.8,34.4,21,51,2.7,6.3,16.5,104.61
27.2,34.2,21.5,52,3.1,4.8,16.5,102.36
27.2,34,21.2,48,2.6,3.1,9.4,121.92
28.3,35,21.6,58,2.1,4.3,11.1,140.5
29.1,34,24.5,54,2.1,3,9.4,135.69
27.9,34,21.4,42,2.6,3.1,13,143.21
26.4,34.4,19,39,2.6,3.3,9.4,107.94
25.7,33.8,19,42,2.4,3.1,9.4,136.16
25.9,33,19.8,44,2.4,4.8,14.8,120.29
25.7,33.2,18,43,2.7,7.4,16.5,109.42
24.8,33.2,17,40,2.6,3.1,16.5,115.24
25.7,34,17,42,2.9,2.6,11.1,131.95
24.9,35,19.4,48,2.1,2,11.1,156.2
25,33,17.4,40,2.4,1.9,7.6,213.69
23.7,32,17,43,2.4,4.3,14.8,183.21
23.8,32,16.7,49,1.8,2,7.6,191.62
24.5,32.2,18,44,2.1,5.4,9.4,170.91
23.1,32.2,16.7,48,2.3,5.2,13,181.28
22.2,30.4,14.9,46,1.9,2.4,7.6,189.79
21.6,30,15,52,1.4,1.3,7.6,265.85
22.7,30,15,48,1.6,5.7,14.8,232.41
21.6,30,14.6,51,1.8,6.9,16.5,281.67
21.6,30,13.8,45,2.3,5,20.6,224.14
19.3,28.6,13,47,2.3,3.5,13,155.67
21.1,29,12.7,50,2.1,3.3,13,201.05
19.4,30.4,14,58,1.1,3.5,11.1,317.97
20.6,30,13.4,49,1.3,3,9.4,335.49
20.1,29,14,54,1.3,2.2,9.4,266.82
20.4,28.5,14,54,1.1,3.5,16.5,356.56
19.8,28.2,14,58,0.8,0.7,7.6,360.27
18.6,26,13,64,0.8,2.4,9.4,600.4
19.1,27,13,65,1.1,2.2,9.4,503.76
19.5,27,14,64,1.9,2.8,11.1,156.04
20.6,27.5,14.6,61,1.8,0.9,7.6,158.33
19.7,28,13,58,1.9,2.6,9.4,206.27
19.1,27,13,63,1,2.8,9.4,422.9
20.9,28,15,63,1.6,11.9,22.2,279.46
20.1,27.4,16,78,2.4,6.7,18.3,90.09
19.1,25,14,66,2.6,5.7,13,87.94
17.5,24.6,13,64,2.1,2.8,11.1,143.34
17.2,24,12,60,2.1,3,11.1,172.82
17.1,24,10,58,1.9,8.3,16.5,172.08
16,23.6,9,55,2.3,7.2,22.2,164.71
15.4,23.1,9,53,2.3,4.4,13,154.36
15.3,23,9,57,1.9,1.1,7.6,187.67
17.1,24,9.6,55,1.6,2.4,9.4,232.25
18.2,23.8,13.1,59,1.3,6.3,11.1,263.09
19.1,24,14,60,2.9,8,44.6,115.3
17.1,24,11.2,62,2.6,8.3,14.8,81.08
17.4,25,10.6,57,2.4,6.9,16.5,124.07
16.1,24,8.8,59,2.6,3,11.1,136.95
16.2,24,9,60,1.8,3.3,11.1,185.45
16.9,25,10.5,62,1.6,2,9.4,243.35
18,26,10.6,56,1.9,4.1,14.8,216.75
17.5,26,10,60,1.9,2.4,9.4,204.72
18.1,27,11,62,1.4,6.5,9.4,221.76
18.9,27,13.6,67,1.3,9.4,16.5,249.42
19.5,26,14,67,1.4,5,11.1,252.19
17.3,25,13,82,0.8,4.6,11.1,294.47
17.8,26,12.6,67,1.4,2,9.4,235.38
18.8,27,12.4,64,1.9,1.9,9.4,255.94
19.3,26,13,65,1.9,3.1,9.4,164.5
18.3,25.6,13.7,72,1.6,5.6,13,166.25
16.8,21,13,90,0.8,6.5,13,252.15
14.1,21.2,11,85,1.9,9.1,14.8,109.07
13.2,18.2,9.4,77,2.4,7.6,13,88.96
11.9,17,6.4,79,1.8,6.7,11.1,117.76
10.6,16,6,85,1.1,9.8,18.3,136.94
8.8,16.2,4.5,87,1.8,12,16.5,152.04
11.4,19.2,5,58,2.6,8.3,18.3,139.26
12.1,20,5.7,60,2.3,7.6,18.3,182.28
13.1,22,6,62,1.8,5.2,14.8,191.59
13.6,21,8.5,69,1.6,3.3,11.1,207.95
13.3,22,7.7,66,1.3,1.7,9.4,304.65
13.7,22,7.1,71,1,2.4,9.4,406.04
13.1,21,7.5,76,1,2.8,9.4,345.75
12.9,21,6.9,70,1.4,3.7,16.5,243.59
13,20.5,6.7,67,1.4,3,13,240.94
15.1,21,8.2,63,1.6,9.1,31.7,272.4
12.4,20.2,6,62,2.3,6.9,14.8,97.5
10.1,18.4,5.1,74,1.8,9.4,18.3,138.62
9.9,16.2,5,80,0.8,7.2,13,179.6
9.2,15.2,5.7,90,0.6,4.4,9.4,237.09
